Strength,w = 1,w = 0.75,w = 0.5
"[0,0.05]",0.46987951807228917,0.7831325301204819,0.891566265060241
"(0.05,0.1]",0.46111111111111114,0.7222222222222222,0.8944444444444445
"(0.1,0.25]",0.322706065318818,0.702954898911353,0.9222395023328149
"(0.25,0.5]",0.1359279697937845,0.49549811211153066,0.8356084809758931
"(0.5,1]",0,0.0738817891373802,0.3708067092651757
