Strength,w = 1,w = 0.75,w = 0.5
"[0,0.05]",0.46987951807228917,0.7831325301204819,0.891566265060241
"(0.05,0.1]",0.46408839779005523,0.7237569060773481,0.8950276243093923
"(0.1,0.25]",0.3261703760552571,0.7045280122793554,0.9232540291634689
"(0.25,0.5]",0.13605051664753157,0.4974167623421355,0.8384041331802525
"(0.5,1]",0,0.07557082238836128,0.3796726611436654
