min,max,mean
2.1434159470823042e-4,0.0022491612877563565,5.167433194309607e-4
