min,max,mean
0.003159107856923648,0.009153325262524721,0.004818496858926138
