min,max,mean
0.0032212943180617293,0.009090955651126276,0.004237174370688189
